{"RPT":{"ScanTime":"0.00 sec.","ScanFile":"20171009_florinwp_9555d2c46932d3526321171009203124_scan.json","Warnings":0,"Success":6},"SRV":{"PHP":{"websrv":true,"openbase":true,"maxtime":true,"mysqli":true,"version":true,"ALL":"Good"},"WP":{"version":true,"core":true,"cache":true,"ismu":false,"ALL":"Good"}},"ARC":{"Size":"0B","DirCount":"0","FileCount":"0","FullCount":"0","FilterDirsAll":["\/Users\/dreea\/web-projects\/florin-wp","\/Users\/dreea\/web-projects\/florin-wp\/wp-content\/ai1wm-backups","\/Users\/dreea\/web-projects\/florin-wp\/wp-content\/backups-dup-pro","\/Users\/dreea\/web-projects\/florin-wp\/wp-content\/backupwordpress","\/Users\/dreea\/web-projects\/florin-wp\/wp-content\/content\/cache","\/Users\/dreea\/web-projects\/florin-wp\/wp-content\/contents\/cache","\/Users\/dreea\/web-projects\/florin-wp\/wp-content\/infinitewp\/backups","\/Users\/dreea\/web-projects\/florin-wp\/wp-content\/managewp\/backups","\/Users\/dreea\/web-projects\/florin-wp\/wp-content\/old-cache","\/Users\/dreea\/web-projects\/florin-wp\/wp-content\/plugins\/all-in-one-wp-migration\/storage","\/Users\/dreea\/web-projects\/florin-wp\/wp-content\/updraft","\/Users\/dreea\/web-projects\/florin-wp\/wp-content\/uploads\/aiowps_backups","\/Users\/dreea\/web-projects\/florin-wp\/wp-content\/uploads\/backupbuddy_backups","\/Users\/dreea\/web-projects\/florin-wp\/wp-content\/uploads\/backupbuddy_temp","\/Users\/dreea\/web-projects\/florin-wp\/wp-content\/uploads\/ithemes-security\/backups","\/Users\/dreea\/web-projects\/florin-wp\/wp-content\/uploads\/mainwp\/backup","\/Users\/dreea\/web-projects\/florin-wp\/wp-content\/uploads\/pb_backupbuddy","\/Users\/dreea\/web-projects\/florin-wp\/wp-content\/uploads\/snapshots","\/Users\/dreea\/web-projects\/florin-wp\/wp-content\/uploads\/sucuri","\/Users\/dreea\/web-projects\/florin-wp\/wp-content\/uploads\/wp-clone","\/Users\/dreea\/web-projects\/florin-wp\/wp-content\/uploads\/wp_all_backup","\/Users\/dreea\/web-projects\/florin-wp\/wp-content\/uploads\/wpbackitup_backups","\/Users\/dreea\/web-projects\/florin-wp\/wp-content\/wfcache","\/Users\/dreea\/web-projects\/florin-wp\/wp-content\/wishlist-backup","\/Users\/dreea\/web-projects\/florin-wp\/wp-snapshots"],"FilterFilesAll":[],"FilterExtsAll":[],"FilterInfo":{"Dirs":{"Warning":[],"Unreadable":[],"Core":["\/Users\/dreea\/web-projects\/florin-wp\/wp-snapshots","\/Users\/dreea\/web-projects\/florin-wp\/wp-content\/backups-dup-pro","\/Users\/dreea\/web-projects\/florin-wp\/wp-content\/ai1wm-backups","\/Users\/dreea\/web-projects\/florin-wp\/wp-content\/backupwordpress","\/Users\/dreea\/web-projects\/florin-wp\/wp-content\/content\/cache","\/Users\/dreea\/web-projects\/florin-wp\/wp-content\/contents\/cache","\/Users\/dreea\/web-projects\/florin-wp\/wp-content\/infinitewp\/backups","\/Users\/dreea\/web-projects\/florin-wp\/wp-content\/managewp\/backups","\/Users\/dreea\/web-projects\/florin-wp\/wp-content\/old-cache","\/Users\/dreea\/web-projects\/florin-wp\/wp-content\/plugins\/all-in-one-wp-migration\/storage","\/Users\/dreea\/web-projects\/florin-wp\/wp-content\/updraft","\/Users\/dreea\/web-projects\/florin-wp\/wp-content\/wishlist-backup","\/Users\/dreea\/web-projects\/florin-wp\/wp-content\/wfcache","\/Users\/dreea\/web-projects\/florin-wp\/wp-content\/uploads\/aiowps_backups","\/Users\/dreea\/web-projects\/florin-wp\/wp-content\/uploads\/backupbuddy_temp","\/Users\/dreea\/web-projects\/florin-wp\/wp-content\/uploads\/backupbuddy_backups","\/Users\/dreea\/web-projects\/florin-wp\/wp-content\/uploads\/ithemes-security\/backups","\/Users\/dreea\/web-projects\/florin-wp\/wp-content\/uploads\/mainwp\/backup","\/Users\/dreea\/web-projects\/florin-wp\/wp-content\/uploads\/pb_backupbuddy","\/Users\/dreea\/web-projects\/florin-wp\/wp-content\/uploads\/snapshots","\/Users\/dreea\/web-projects\/florin-wp\/wp-content\/uploads\/sucuri","\/Users\/dreea\/web-projects\/florin-wp\/wp-content\/uploads\/wp-clone","\/Users\/dreea\/web-projects\/florin-wp\/wp-content\/uploads\/wp_all_backup","\/Users\/dreea\/web-projects\/florin-wp\/wp-content\/uploads\/wpbackitup_backups"],"Instance":["\/Users\/dreea\/web-projects\/florin-wp"]},"Files":{"Size":[],"Warning":[],"Unreadable":[],"Core":[],"Instance":[]},"Exts":{"Core":[],"Instance":[]},"UDirCount":0,"UFileCount":0,"UExtCount":0,"TreeSize":[],"TreeWarning":[]},"Status":{"Size":"Good","Names":"Good"},"Dirs":[],"Files":[]},"DB":{"Status":{"Success":true,"DB_Case":"Good","DB_Rows":"Good","DB_Size":"Good","TBL_Case":"Warn","TBL_Rows":"Good","TBL_Size":"Good"},"Size":"3.61MB","Rows":"1,201","TableCount":42,"TableList":{"wp_UPCP_Catalogue_Items":{"Case":1,"Rows":"2","Size":"16KB","USize":16384},"wp_UPCP_Catalogues":{"Case":1,"Rows":"1","Size":"16KB","USize":16384},"wp_UPCP_Categories":{"Case":1,"Rows":"1","Size":"16KB","USize":16384},"wp_UPCP_Custom_Fields":{"Case":1,"Rows":"0","Size":"16KB","USize":16384},"wp_UPCP_Fields_Meta":{"Case":1,"Rows":"0","Size":"16KB","USize":16384},"wp_UPCP_Item_Images":{"Case":1,"Rows":"0","Size":"16KB","USize":16384},"wp_UPCP_Items":{"Case":1,"Rows":"2","Size":"16KB","USize":16384},"wp_UPCP_SubCategories":{"Case":1,"Rows":"0","Size":"16KB","USize":16384},"wp_UPCP_Tag_Groups":{"Case":1,"Rows":"0","Size":"16KB","USize":16384},"wp_UPCP_Tagged_Items":{"Case":1,"Rows":"0","Size":"16KB","USize":16384},"wp_UPCP_Tags":{"Case":1,"Rows":"0","Size":"16KB","USize":16384},"wp_UPCP_Videos":{"Case":1,"Rows":"0","Size":"16KB","USize":16384},"wp_cf_form_entries":{"Case":0,"Rows":"0","Size":"80KB","USize":81920},"wp_cf_form_entry_meta":{"Case":0,"Rows":"0","Size":"48KB","USize":49152},"wp_cf_form_entry_values":{"Case":0,"Rows":"0","Size":"64KB","USize":65536},"wp_cf_forms":{"Case":0,"Rows":"2","Size":"32KB","USize":32768},"wp_cf_tracking":{"Case":0,"Rows":"0","Size":"16KB","USize":16384},"wp_cf_tracking_meta":{"Case":0,"Rows":"0","Size":"48KB","USize":49152},"wp_commentmeta":{"Case":0,"Rows":"0","Size":"48KB","USize":49152},"wp_comments":{"Case":0,"Rows":"1","Size":"96KB","USize":98304},"wp_duplicator_packages":{"Case":0,"Rows":"0","Size":"32KB","USize":32768},"wp_huge_it_catalog_album_catalog_contact":{"Case":0,"Rows":"3","Size":"16KB","USize":16384},"wp_huge_it_catalog_albums":{"Case":0,"Rows":"2","Size":"16KB","USize":16384},"wp_huge_it_catalog_asc_seller":{"Case":0,"Rows":"0","Size":"16KB","USize":16384},"wp_huge_it_catalog_general_params":{"Case":0,"Rows":"28","Size":"16KB","USize":16384},"wp_huge_it_catalog_products":{"Case":0,"Rows":"8","Size":"32KB","USize":32768},"wp_huge_it_catalog_rating":{"Case":0,"Rows":"6","Size":"16KB","USize":16384},"wp_huge_it_catalog_reviews":{"Case":0,"Rows":"6","Size":"16KB","USize":16384},"wp_huge_it_catalogs":{"Case":0,"Rows":"3","Size":"32KB","USize":32768},"wp_links":{"Case":0,"Rows":"0","Size":"32KB","USize":32768},"wp_options":{"Case":0,"Rows":"524","Size":"2.06MB","USize":2162688},"wp_podsrel":{"Case":0,"Rows":"0","Size":"80KB","USize":81920},"wp_postmeta":{"Case":0,"Rows":"427","Size":"144KB","USize":147456},"wp_posts":{"Case":0,"Rows":"104","Size":"176KB","USize":180224},"wp_term_relationships":{"Case":0,"Rows":"11","Size":"32KB","USize":32768},"wp_term_taxonomy":{"Case":0,"Rows":"5","Size":"48KB","USize":49152},"wp_termmeta":{"Case":0,"Rows":"0","Size":"48KB","USize":49152},"wp_terms":{"Case":0,"Rows":"5","Size":"48KB","USize":49152},"wp_usermeta":{"Case":0,"Rows":"33","Size":"48KB","USize":49152},"wp_users":{"Case":0,"Rows":"1","Size":"64KB","USize":65536},"wp_yoast_seo_links":{"Case":0,"Rows":"9","Size":"32KB","USize":32768},"wp_yoast_seo_meta":{"Case":0,"Rows":"17","Size":"16KB","USize":16384}}}}